{"cameraMode":{"drawMode":0,"name":"Shaded","section":"Shading Mode"},"sceneLighting":true,"audioPlay":false,"sceneViewState":{"showFog":true,"showMaterialUpdate":false,"showSkybox":false,"showFlares":true,"showImageEffects":true,"showParticleSystems":true},"in2DMode":false,"pivot":{"x":0.5247714519500732,"y":4.26091194152832,"z":0.877708911895752},"rotation":{"x":-0.14488226175308228,"y":0.15867406129837037,"z":-0.02355165407061577,"w":-0.976394772529602},"size":5.449742794036865,"orthographic":false}