{"cameraMode":{"drawMode":0,"name":"Shaded","section":"Shading Mode"},"sceneLighting":false,"audioPlay":false,"sceneViewState":{"showFog":true,"showMaterialUpdate":false,"showSkybox":false,"showFlares":true,"showImageEffects":true,"showParticleSystems":true},"in2DMode":false,"pivot":{"x":0.10244100540876389,"y":0.030354470014572145,"z":-0.10744856297969818},"rotation":{"x":-0.29044315218925478,"y":0.18144731223583222,"z":-0.05618898198008537,"w":-0.9378888607025147},"size":0.13120627403259278,"orthographic":false}