{"cameraMode":{"drawMode":0,"name":"Shaded","section":"Shading Mode"},"sceneLighting":true,"audioPlay":false,"sceneViewState":{"showFog":true,"showMaterialUpdate":false,"showSkybox":true,"showFlares":true,"showImageEffects":true,"showParticleSystems":true},"in2DMode":false,"pivot":{"x":-6.765259265899658,"y":0.14720621705055238,"z":-0.6022142171859741},"rotation":{"x":-0.32749202847480776,"y":0.23789985477924348,"z":-0.08560104668140412,"w":-0.9104167222976685},"size":1.2767789363861085,"orthographic":false}