{"cameraMode":{"drawMode":0,"name":"Shaded","section":"Shading Mode"},"sceneLighting":false,"audioPlay":false,"sceneViewState":{"showFog":true,"showMaterialUpdate":false,"showSkybox":false,"showFlares":true,"showImageEffects":true,"showParticleSystems":true},"in2DMode":false,"pivot":{"x":-4.298999786376953,"y":0.9900000095367432,"z":0.010000001639127732},"rotation":{"x":-0.3191643953323364,"y":0.07155247032642365,"z":-0.024174053221940995,"w":-0.9446927905082703},"size":0.21650634706020356,"orthographic":false}