{"cameraMode":{"drawMode":0,"name":"Shaded","section":"Shading Mode"},"sceneLighting":true,"audioPlay":false,"sceneViewState":{"showFog":true,"showMaterialUpdate":false,"showSkybox":true,"showFlares":true,"showImageEffects":true,"showParticleSystems":true},"in2DMode":false,"pivot":{"x":491.6306457519531,"y":35.66114044189453,"z":-0.7386271953582764},"rotation":{"x":-0.0705164298415184,"y":0.08130751550197602,"z":-0.0057884035632014278,"w":-0.9941995739936829},"size":136.19000244140626,"orthographic":false}