{"cameraMode":{"drawMode":0,"name":"Shaded","section":"Shading Mode"},"sceneLighting":false,"audioPlay":false,"sceneViewState":{"showFog":true,"showMaterialUpdate":false,"showSkybox":false,"showFlares":true,"showImageEffects":true,"showParticleSystems":true},"in2DMode":false,"pivot":{"x":-3.918140411376953,"y":1.056666612625122,"z":-1.4901161193847657e-8},"rotation":{"x":-0.3191643953323364,"y":0.07155247032642365,"z":-0.024174053221940995,"w":-0.9446927905082703},"size":0.2538590729236603,"orthographic":false}