{"cameraMode":{"drawMode":0,"name":"Shaded","section":"Shading Mode"},"sceneLighting":true,"audioPlay":false,"sceneViewState":{"showFog":true,"showMaterialUpdate":false,"showSkybox":true,"showFlares":true,"showImageEffects":true,"showParticleSystems":true},"in2DMode":false,"pivot":{"x":-0.28534194827079775,"y":0.13333356380462647,"z":0.5670499205589294},"rotation":{"x":-0.32749202847480776,"y":0.23789985477924348,"z":-0.08560104668140412,"w":-0.9104167222976685},"size":0.29395967721939089,"orthographic":false}